round,change_types,instruction_words,instruction_lines,solution_lines,verifier_lines_added,verifier_lines_removed,active_cases,introduced_cases,retired_cases,retained_cases,case_churn_rate,active_requirements,introduced_requirements,retired_requirements,panel_models_total,panel_models_reached,panel_reach_rate,panel_round_pass_rate_reached,panel_round_pass_wilson_low_reached,panel_round_pass_wilson_high_reached,panel_case_mean_reached,panel_case_median_reached,panel_case_std_reached,panel_binary_1pl_beta,panel_binary_1pl_percentile,panel_case_1pl_beta,panel_case_1pl_percentile,panel_calibration_items_total,target_round_reward,target_case_success,target_case_total,target_case_ratio,target_new_success_rate,target_regressions,target_recoveries
1,extension,1600,197,9,836,0,45,45,0,0,1.0,24,24,0,13,13,1.0,0.5384615384615384,0.29143795714506004,0.7679393219046169,0.8136752136752137,1.0,0.35314766519293617,-1.590958335041576,0.09030837004405286,-0.5519092276400523,0.2444933920704846,227,0.0,3,45,0.06666666666666667,,,
2,extension,975,138,10,410,690,34,33,44,1,0.9871794871794872,11,6,19,13,13,1.0,0.6923076923076923,0.42369343180549035,0.8731929634428948,0.834841628959276,1.0,0.34154654245440413,-2.1164504526289654,0.04185022026431718,-0.6395282619528793,0.17841409691629956,227,0.0,4,34,0.11764705882352941,0.09090909090909091,0,0
3,extension,1077,174,10,267,309,32,27,29,5,0.9180327868852459,14,6,3,13,13,1.0,0.5384615384615384,0.29143795714506004,0.7679393219046169,0.7884615384615384,1.0,0.3722159971316521,-1.5909583350415764,0.07488986784140969,-0.45064084942288535,0.2753303964757709,227,0.0,3,32,0.09375,0.07407407407407407,0,0
4,extension+correction,586,108,10,303,369,31,26,27,5,0.9137931034482759,12,5,7,13,13,1.0,0.46153846153846156,0.23206067809538303,0.7085620428549398,0.771712158808933,0.9032258064516129,0.2892069932373889,-1.3174612362295175,0.13215859030837004,-0.38504419452038524,0.31497797356828194,227,0.0,7,31,0.22580645161290322,0.19230769230769232,0,0
5,extension,601,100,10,419,295,32,29,28,3,0.95,13,8,7,13,13,1.0,0.5384615384615384,0.29143795714506004,0.7679393219046169,0.8413461538461539,1.0,0.28177342811716544,-1.5909583350415764,0.07488986784140969,-0.6669758048279395,0.16519823788546256,227,0.0,5,32,0.15625,0.13793103448275862,0,0
6,extension,628,101,10,172,411,27,26,31,1,0.9827586206896551,8,5,10,13,13,1.0,0.6923076923076923,0.42369343180549035,0.8731929634428948,0.8148148148148148,1.0,0.325485327677441,-2.1164504526289654,0.04185022026431718,-0.5565633539913597,0.2356828193832599,227,0.0,2,27,0.07407407407407407,0.038461538461538464,0,0
7,extension,479,84,10,176,166,22,21,26,1,0.9791666666666666,8,5,5,13,13,1.0,0.6153846153846154,0.355228915126657,0.8229029220223743,0.8181818181818182,1.0,0.308287726505694,-1.8555723118769123,0.06167400881057269,-0.570355086200615,0.22246696035242292,227,0.0,2,22,0.09090909090909091,0.047619047619047616,0,0
8,extension+conflict,472,90,11,361,196,38,35,19,3,0.9473684210526315,13,9,4,13,13,1.0,0.6153846153846154,0.355228915126657,0.8229029220223743,0.7854251012145749,1.0,0.30390002678198325,-1.8555723118769123,0.06167400881057269,-0.4386545628953352,0.27973568281938327,227,0.0,7,38,0.18421052631578946,0.14285714285714285,0,0
9,extension,373,63,10,283,324,34,28,32,6,0.9090909090909091,11,3,5,13,13,1.0,0.6153846153846154,0.355228915126657,0.8229029220223743,0.8235294117647058,1.0,0.30149128060538555,-1.8555723118769123,0.06167400881057269,-0.592387332826646,0.2092511013215859,227,0.0,5,34,0.14705882352941177,0.10714285714285714,0,0
