round,reward,cases_success,cases_total,cases_fail,success_rate,stable_success,regressions,recoveries,stable_fail,new_cases,new_success,new_fail,new_success_rate,retired_cases,retained_cases,case_churn_rate
1,0.0,3,45,42,0.06666666666666667,,,,,,,,,,,
2,0.0,4,34,30,0.11764705882352941,1,0,0,0,33,3,30,0.09090909090909091,44,1,0.9871794871794872
3,0.0,3,32,29,0.09375,1,0,0,4,27,2,25,0.07407407407407407,29,5,0.9180327868852459
4,0.0,7,31,24,0.22580645161290322,2,0,0,3,26,5,21,0.19230769230769232,27,5,0.9137931034482759
5,0.0,5,32,27,0.15625,1,0,0,2,29,4,25,0.13793103448275862,28,3,0.95
6,0.0,2,27,25,0.07407407407407407,1,0,0,0,26,1,25,0.038461538461538464,31,1,0.9827586206896551
7,0.0,2,22,20,0.09090909090909091,1,0,0,0,21,1,20,0.047619047619047616,26,1,0.9791666666666666
8,0.0,7,38,31,0.18421052631578946,2,0,0,1,35,5,30,0.14285714285714285,19,3,0.9473684210526315
9,0.0,5,34,29,0.14705882352941177,2,0,0,4,28,3,25,0.10714285714285714,32,6,0.9090909090909091
