requirement,success,fail,total,success_rate
audit-lineage,0,9,9,0.0
audit-lineage.cycle,2,1,3,0.6666666666666666
audit-lineage.duplicate,2,0,2,1.0
audit-lineage.timestamp,2,1,3,0.6666666666666666
audit-lineage.unresolved-parent,2,0,2,1.0
build,1,0,1,1.0
compare-outputs,2,12,14,0.14285714285714285
compare.histogram,3,24,27,0.1111111111111111
compare.shape-mismatch,4,7,11,0.36363636363636365
drift-analysis,0,9,9,0.0
drift.convergence,0,5,5,0.0
drift.convergence-nonstrict,0,2,2,0.0
drift.sorted-output,0,6,6,0.0
drift.stability,0,3,3,0.0
drift.stability-maxdenom,0,4,4,0.0
drift.stability-meandenom,0,5,5,0.0
drift.stable-classification,0,7,7,0.0
drift.threshold,2,18,20,0.1
drift.top-k,1,13,14,0.07142857142857142
generate-report,7,6,13,0.5384615384615384
json-errors.toplevel,4,0,4,1.0
json-errors.unreadable,6,0,6,1.0
json-errors.usage,4,0,4,1.0
lineage.depths-width,0,12,12,0.0
lineage.equal-timestamps,2,4,6,0.3333333333333333
merge.average,0,3,3,0.0
merge.dtype-promotion,0,2,2,0.0
merge.first,0,8,8,0.0
merge.last,0,3,3,0.0
merge.tensor-sources,0,2,2,0.0
report.comparison-missing,3,5,8,0.375
report.lineage-detail,2,9,11,0.18181818181818182
toml.dotted-keys,3,7,10,0.3
toml.inline-comments,0,4,4,0.0
validate-manifest,2,7,9,0.2222222222222222
verify-checkpoint,0,16,16,0.0
verify-checkpoint.invalid,10,0,10,1.0
